/*
SQLyog Enterprise - MySQL GUI v8.18 
MySQL - 5.5.16 : Database - itera
*********************************************************************
*/

/*!40101 SET NAMES utf8 */;

/*!40101 SET SQL_MODE=''*/;

/*!40014 SET @OLD_UNIQUE_CHECKS=@@UNIQUE_CHECKS, UNIQUE_CHECKS=0 */;
/*!40014 SET @OLD_FOREIGN_KEY_CHECKS=@@FOREIGN_KEY_CHECKS, FOREIGN_KEY_CHECKS=0 */;
/*!40101 SET @OLD_SQL_MODE=@@SQL_MODE, SQL_MODE='NO_AUTO_VALUE_ON_ZERO' */;
/*!40111 SET @OLD_SQL_NOTES=@@SQL_NOTES, SQL_NOTES=0 */;
CREATE DATABASE /*!32312 IF NOT EXISTS*/`itera` /*!40100 DEFAULT CHARACTER SET latin1 */;

USE `itera`;

/*Data for the table `area` */

insert  into `area`(`IdArea`,`NombreArea`,`ImagenArea`,`DescripcionCortaArea`,`SlugArea`,`DescripcionArea`) values (1,'Infraestructura','1.png','Itera Corta de infraestrctura o hardware Descripcion','infraestructura','<a id=\"imGoToCont\"></a>\r\n<h2 id=\"imPgTitle\">Servidores y Respaldo de Energía</h2>\r\n<div id=\"imBreadcrumb\">Soluciones &gt; Infraestructura IT</div>\r\n\r\n<div style=\"width: 984px; float: left;\">\r\n    <div style=\"float: left; width: 656px;\">\r\n        <div id=\"imCell_2\" class=\"imGrid[1, 1]\"><div id=\"imCellStyleGraphics_2\"></div><div id=\"imCellStyle_2\"><div id=\"imTextObject_2\" style=\"text-align: left;\"><p style=\"text-align: left;\"><span class=\"fs20\"><span class=\"ff1 cf3\"><b>Servidores HP Proliant<br /></b></span></span></p><p style=\"text-align: justify;\"><span class=\"fs20 ff1 cf3\"><b><br /></b></span><span class=\"fs18 cf0 ff1\">HP le ofrece los servidores <b>ProLiant </b>que son elementos claves para su Infraestructura. Cuenta con una amplia gama de caracter&#237;sticas innovadoras que ofrecen importantes avances en la eficiencia energ&#233;tica, virtualizaci&#243;n y gesti&#243;n. Son soluciones completas para centros de datos habilitados que utilizan menos recursos. <br /></span></p><p style=\"text-align: right;\"><span class=\"fs20 ff1 cf0\"><b><i><br />Proliant se adaptan a sus necesidades.</i></b></span><i><span class=\"fs30 ff1 cf0\"><br /><br /></span></i></p><p style=\"text-align: left;\"><span class=\"fs20 ff1 cf3\"><b>Caractr&#237;sticas:<br /></b></span><span class=\"fs18 cf0 ff1\">-<wbr> Facilidad de administraci&#243;n.<br />-<wbr> Facilidad de uso.<br />-<wbr> Capacidad de expansi&#243;n.<br />-<wbr> Variedad de sistemas operativos.<br />-<wbr> Escalabilidad.<br />-<wbr> Mayor seguridad.<br />-<wbr> Trabaja con procesadores Intel&#174; Xeon&#174;<br /></span><span class=\"ff2 fs18 cf0\"><br /></span></p></div></div></div>\r\n    </div>\r\n    <div style=\"float: left; width: 328px;\">\r\n        <div id=\"imCell_5\" class=\"imGrid[1, 1]\"><div id=\"imCellStyleGraphics_5\"></div><div id=\"imCellStyle_5\"><img id=\"imObjectImage_5\" src=\"images/proliant3_4bg7mv8l.jpg\" title=\"\" alt=\"\" height=\"237\" width=\"316\" /></div></div>\r\n    </div>\r\n\r\n</div>\r\n<div style=\"width: 984px; float: left;\">\r\n    <div style=\"float: left; width: 656px;\">\r\n        <div id=\"imCell_3\" class=\"imGrid[2, 2]\"><div id=\"imCellStyleGraphics_3\"></div><div id=\"imCellStyle_3\"><div id=\"imTextObject_3\" style=\"text-align: left;\"><p style=\"text-align: left;\"><span class=\"fs20\"><span class=\"ff1 cf4\"><b>Servidores IBM System x</b></span></span><b><span class=\"cf3 fs20 ff1\"><br /><br /></span></b></p><p style=\"text-align: justify;\"><span class=\"ff2 cf5 fs18\">ayuda a recuperar el control y a reducir la complejidad simplificando la administraci&#243;n de los sistemas para entornos de computaci&#243;n est&#225;ndares de la mercado. Adem&#225;s provee dispositivos tecnol&#243;gicos innovadores y una extrema potencia de procesamiento.<br /><br /></span></p><p style=\"text-align: left;\"><span class=\"fs20 ff1 cf4\"><b>Caracter&#237;sticas Principales de la xSeries:</b></span><span class=\"fs30 cf6 ff3\"><br /></span><span class=\"fs18 cf1 ff1\">-<wbr> Reduce los costes operativos con mayor rendimiento.<br />-<wbr> Reduce el consumo energ&#233;tica.<br />-<wbr> Aumente el aprovechamiento del Hardware.<br />-<wbr> Reduzca el n&#250;mero de activos f&#237;sicos por gestionar.<br />-<wbr> Capacidad de servicio (RAS) de primer nivel.<br />-<wbr> Plataforma para todos los entornos est&#225;ndar del mercado.<br />-<wbr> Server, RedHat Enterprise Linux(RHEL), SUSE Linux Enterprise.<br /><br /></span><span class=\"ff4 fs18 cf1\"><br /></span></p></div></div></div>\r\n    </div>\r\n    <div style=\"float: left; width: 328px;\">\r\n        <div id=\"imCell_6\" class=\"imGrid[2, 2]\"><div id=\"imCellStyleGraphics_6\"></div><div id=\"imCellStyle_6\"><img id=\"imObjectImage_6\" src=\"images/untitled_cgv68c6u.png\" title=\"\" alt=\"\" height=\"240\" width=\"210\" /></div></div>\r\n    </div>\r\n\r\n</div>\r\n<div style=\"width: 984px; float: left;\">\r\n    <div style=\"float: left; width: 656px;\">\r\n        <div id=\"imCell_4\" class=\"imGrid[3, 3]\"><div id=\"imCellStyleGraphics_4\"></div><div id=\"imCellStyle_4\"><div id=\"imTextObject_4\" style=\"text-align: left;\"><p style=\"text-align: justify;\"><span class=\"ff1 cf3 fs18\"><b>DELTA Electronic Inc</b></span><span class=\"cf1 ff1 fs18\">. <br /><br />Es la empresa Nro. 1 en el mundo en fuentes de alimentaci&#243;n OEM/ODM, Componentes IT, Telecomunicaciones, electr&#243;nica de cosumo y automoci&#243;n, soluciones de pantalla de proyecci&#243;n para uso profesional y de los consumidores, dispositivos de sistema automatico, Networking y productos Wirelees.<br /></span></p><p style=\"text-align: left;\"><span class=\"ff1 cf0 fs18\"><br /></span></p><p style=\"text-align: right;\"><span class=\"fs20 ff1 cf0\"><b>Gesti&#243;n de energ&#237;a y soluciones de energ&#237;a renovable.<br /><br /></b></span></p><p style=\"text-align: left;\"><span class=\"fs20 ff1 cf3\"><b>Caracter&#237;sticas </b></span><b><span class=\"cf0 fs20 ff1\"><br /><br /></span></b><span class=\"fs18 cf0 ff1\">-<wbr> Innovaci&#243;n constante.<br />-<wbr> Satisfacci&#243;n del cliente.<br />-<wbr> Mayor Calidad.<br />-<wbr> Mayor Potencia.<br />-<wbr> Mejor Rendimiento.<br />-<wbr> Alta tecnolog&#237;a.<br />-<wbr> M&#225;xima Protecci&#243;n.</span><span class=\"ff2 fs18 cf0\"><br /></span></p></div></div></div>\r\n    </div>\r\n    <div style=\"float: left; width: 328px;\">\r\n        <div id=\"imCell_7\" class=\"imGrid[3, 3]\"><div id=\"imCellStyleGraphics_7\"></div><div id=\"imCellStyle_7\"><div id=\"imObjectImage_7\"><div id=\"imObjectImageContent_7\"></div></div><script type=\"text/javascript\">var flashvars = {containerId: \"imObjectImage_7\", key: \"211206165160216183098177191163166162153192177133098146170158218168156218154\", cWidth: \"316\", cHeight: \"271\", copyright: \"© Copyright 2011 por ITERA S.A.C Todos los derechos reservados.\", watermark: \"false\", cpindex: \"158607\"}; var params = {quality: \"high\", bgcolor: \"#ffffff\", play: \"true\", loop: \"true\", wmode: \"transparent\", scale: \"noscale\", menu: \"true\", devicefont: \"false\", salign: \"lt\", allowscriptaccess: \"sameDomain\", allowFullScreen: \"true\"}; var attributes = {id: \"imObjectImageContent_7\", name: \"imObjectImageContent_7\", align: \"middle\"}; swfobject.embedSWF(\"res/imImage.swf\", \"imObjectImageContent_7\", \"316\", \"271\", \"10.0.0\", \"res/expressInstall.swf\", flashvars, params, attributes);</script></div></div>\r\n    </div>\r\n\r\n</div>\r\n\r\n'),(2,'Proteccion de Datos','2.jpg','Itera Descripcion','area2','<a id=\"imGoToCont\"></a>\r\n<h2 id=\"imPgTitle\">Servidores y Respaldo de Energía</h2>\r\n<div id=\"imBreadcrumb\">Soluciones &gt; Infraestructura IT</div>\r\n\r\n<div style=\"width: 984px; float: left;\">\r\n    <div style=\"float: left; width: 656px;\">\r\n        <div id=\"imCell_2\" class=\"imGrid[1, 1]\"><div id=\"imCellStyleGraphics_2\"></div><div id=\"imCellStyle_2\"><div id=\"imTextObject_2\" style=\"text-align: left;\"><p style=\"text-align: left;\"><span class=\"fs20\"><span class=\"ff1 cf3\"><b>Servidores HP Proliant<br /></b></span></span></p><p style=\"text-align: justify;\"><span class=\"fs20 ff1 cf3\"><b><br /></b></span><span class=\"fs18 cf0 ff1\">HP le ofrece los servidores <b>ProLiant </b>que son elementos claves para su Infraestructura. Cuenta con una amplia gama de caracter&#237;sticas innovadoras que ofrecen importantes avances en la eficiencia energ&#233;tica, virtualizaci&#243;n y gesti&#243;n. Son soluciones completas para centros de datos habilitados que utilizan menos recursos. <br /></span></p><p style=\"text-align: right;\"><span class=\"fs20 ff1 cf0\"><b><i><br />Proliant se adaptan a sus necesidades.</i></b></span><i><span class=\"fs30 ff1 cf0\"><br /><br /></span></i></p><p style=\"text-align: left;\"><span class=\"fs20 ff1 cf3\"><b>Caractr&#237;sticas:<br /></b></span><span class=\"fs18 cf0 ff1\">-<wbr> Facilidad de administraci&#243;n.<br />-<wbr> Facilidad de uso.<br />-<wbr> Capacidad de expansi&#243;n.<br />-<wbr> Variedad de sistemas operativos.<br />-<wbr> Escalabilidad.<br />-<wbr> Mayor seguridad.<br />-<wbr> Trabaja con procesadores Intel&#174; Xeon&#174;<br /></span><span class=\"ff2 fs18 cf0\"><br /></span></p></div></div></div>\r\n    </div>\r\n    <div style=\"float: left; width: 328px;\">\r\n        <div id=\"imCell_5\" class=\"imGrid[1, 1]\"><div id=\"imCellStyleGraphics_5\"></div><div id=\"imCellStyle_5\"><img id=\"imObjectImage_5\" src=\"images/proliant3_4bg7mv8l.jpg\" title=\"\" alt=\"\" height=\"237\" width=\"316\" /></div></div>\r\n    </div>\r\n\r\n</div>\r\n<div style=\"width: 984px; float: left;\">\r\n    <div style=\"float: left; width: 656px;\">\r\n        <div id=\"imCell_3\" class=\"imGrid[2, 2]\"><div id=\"imCellStyleGraphics_3\"></div><div id=\"imCellStyle_3\"><div id=\"imTextObject_3\" style=\"text-align: left;\"><p style=\"text-align: left;\"><span class=\"fs20\"><span class=\"ff1 cf4\"><b>Servidores IBM System x</b></span></span><b><span class=\"cf3 fs20 ff1\"><br /><br /></span></b></p><p style=\"text-align: justify;\"><span class=\"ff2 cf5 fs18\">ayuda a recuperar el control y a reducir la complejidad simplificando la administraci&#243;n de los sistemas para entornos de computaci&#243;n est&#225;ndares de la mercado. Adem&#225;s provee dispositivos tecnol&#243;gicos innovadores y una extrema potencia de procesamiento.<br /><br /></span></p><p style=\"text-align: left;\"><span class=\"fs20 ff1 cf4\"><b>Caracter&#237;sticas Principales de la xSeries:</b></span><span class=\"fs30 cf6 ff3\"><br /></span><span class=\"fs18 cf1 ff1\">-<wbr> Reduce los costes operativos con mayor rendimiento.<br />-<wbr> Reduce el consumo energ&#233;tica.<br />-<wbr> Aumente el aprovechamiento del Hardware.<br />-<wbr> Reduzca el n&#250;mero de activos f&#237;sicos por gestionar.<br />-<wbr> Capacidad de servicio (RAS) de primer nivel.<br />-<wbr> Plataforma para todos los entornos est&#225;ndar del mercado.<br />-<wbr> Server, RedHat Enterprise Linux(RHEL), SUSE Linux Enterprise.<br /><br /></span><span class=\"ff4 fs18 cf1\"><br /></span></p></div></div></div>\r\n    </div>\r\n    <div style=\"float: left; width: 328px;\">\r\n        <div id=\"imCell_6\" class=\"imGrid[2, 2]\"><div id=\"imCellStyleGraphics_6\"></div><div id=\"imCellStyle_6\"><img id=\"imObjectImage_6\" src=\"images/untitled_cgv68c6u.png\" title=\"\" alt=\"\" height=\"240\" width=\"210\" /></div></div>\r\n    </div>\r\n\r\n</div>\r\n<div style=\"width: 984px; float: left;\">\r\n    <div style=\"float: left; width: 656px;\">\r\n        <div id=\"imCell_4\" class=\"imGrid[3, 3]\"><div id=\"imCellStyleGraphics_4\"></div><div id=\"imCellStyle_4\"><div id=\"imTextObject_4\" style=\"text-align: left;\"><p style=\"text-align: justify;\"><span class=\"ff1 cf3 fs18\"><b>DELTA Electronic Inc</b></span><span class=\"cf1 ff1 fs18\">. <br /><br />Es la empresa Nro. 1 en el mundo en fuentes de alimentaci&#243;n OEM/ODM, Componentes IT, Telecomunicaciones, electr&#243;nica de cosumo y automoci&#243;n, soluciones de pantalla de proyecci&#243;n para uso profesional y de los consumidores, dispositivos de sistema automatico, Networking y productos Wirelees.<br /></span></p><p style=\"text-align: left;\"><span class=\"ff1 cf0 fs18\"><br /></span></p><p style=\"text-align: right;\"><span class=\"fs20 ff1 cf0\"><b>Gesti&#243;n de energ&#237;a y soluciones de energ&#237;a renovable.<br /><br /></b></span></p><p style=\"text-align: left;\"><span class=\"fs20 ff1 cf3\"><b>Caracter&#237;sticas </b></span><b><span class=\"cf0 fs20 ff1\"><br /><br /></span></b><span class=\"fs18 cf0 ff1\">-<wbr> Innovaci&#243;n constante.<br />-<wbr> Satisfacci&#243;n del cliente.<br />-<wbr> Mayor Calidad.<br />-<wbr> Mayor Potencia.<br />-<wbr> Mejor Rendimiento.<br />-<wbr> Alta tecnolog&#237;a.<br />-<wbr> M&#225;xima Protecci&#243;n.</span><span class=\"ff2 fs18 cf0\"><br /></span></p></div></div></div>\r\n    </div>\r\n    <div style=\"float: left; width: 328px;\">\r\n        <div id=\"imCell_7\" class=\"imGrid[3, 3]\"><div id=\"imCellStyleGraphics_7\"></div><div id=\"imCellStyle_7\"><div id=\"imObjectImage_7\"><div id=\"imObjectImageContent_7\"></div></div><script type=\"text/javascript\">var flashvars = {containerId: \"imObjectImage_7\", key: \"211206165160216183098177191163166162153192177133098146170158218168156218154\", cWidth: \"316\", cHeight: \"271\", copyright: \"© Copyright 2011 por ITERA S.A.C Todos los derechos reservados.\", watermark: \"false\", cpindex: \"158607\"}; var params = {quality: \"high\", bgcolor: \"#ffffff\", play: \"true\", loop: \"true\", wmode: \"transparent\", scale: \"noscale\", menu: \"true\", devicefont: \"false\", salign: \"lt\", allowscriptaccess: \"sameDomain\", allowFullScreen: \"true\"}; var attributes = {id: \"imObjectImageContent_7\", name: \"imObjectImageContent_7\", align: \"middle\"}; swfobject.embedSWF(\"res/imImage.swf\", \"imObjectImageContent_7\", \"316\", \"271\", \"10.0.0\", \"res/expressInstall.swf\", flashvars, params, attributes);</script></div></div>\r\n    </div>\r\n\r\n</div>\r\n'),(3,'Data Recovery','3.jpg','Itera Descripcion','area3','<a id=\"imGoToCont\"></a>\r\n<h2 id=\"imPgTitle\">Servidores y Respaldo de Energía</h2>\r\n<div id=\"imBreadcrumb\">Soluciones &gt; Infraestructura IT</div>\r\n\r\n<div style=\"width: 984px; float: left;\">\r\n    <div style=\"float: left; width: 656px;\">\r\n        <div id=\"imCell_2\" class=\"imGrid[1, 1]\"><div id=\"imCellStyleGraphics_2\"></div><div id=\"imCellStyle_2\"><div id=\"imTextObject_2\" style=\"text-align: left;\"><p style=\"text-align: left;\"><span class=\"fs20\"><span class=\"ff1 cf3\"><b>Servidores HP Proliant<br /></b></span></span></p><p style=\"text-align: justify;\"><span class=\"fs20 ff1 cf3\"><b><br /></b></span><span class=\"fs18 cf0 ff1\">HP le ofrece los servidores <b>ProLiant </b>que son elementos claves para su Infraestructura. Cuenta con una amplia gama de caracter&#237;sticas innovadoras que ofrecen importantes avances en la eficiencia energ&#233;tica, virtualizaci&#243;n y gesti&#243;n. Son soluciones completas para centros de datos habilitados que utilizan menos recursos. <br /></span></p><p style=\"text-align: right;\"><span class=\"fs20 ff1 cf0\"><b><i><br />Proliant se adaptan a sus necesidades.</i></b></span><i><span class=\"fs30 ff1 cf0\"><br /><br /></span></i></p><p style=\"text-align: left;\"><span class=\"fs20 ff1 cf3\"><b>Caractr&#237;sticas:<br /></b></span><span class=\"fs18 cf0 ff1\">-<wbr> Facilidad de administraci&#243;n.<br />-<wbr> Facilidad de uso.<br />-<wbr> Capacidad de expansi&#243;n.<br />-<wbr> Variedad de sistemas operativos.<br />-<wbr> Escalabilidad.<br />-<wbr> Mayor seguridad.<br />-<wbr> Trabaja con procesadores Intel&#174; Xeon&#174;<br /></span><span class=\"ff2 fs18 cf0\"><br /></span></p></div></div></div>\r\n    </div>\r\n    <div style=\"float: left; width: 328px;\">\r\n        <div id=\"imCell_5\" class=\"imGrid[1, 1]\"><div id=\"imCellStyleGraphics_5\"></div><div id=\"imCellStyle_5\"><img id=\"imObjectImage_5\" src=\"images/proliant3_4bg7mv8l.jpg\" title=\"\" alt=\"\" height=\"237\" width=\"316\" /></div></div>\r\n    </div>\r\n\r\n</div>\r\n<div style=\"width: 984px; float: left;\">\r\n    <div style=\"float: left; width: 656px;\">\r\n        <div id=\"imCell_3\" class=\"imGrid[2, 2]\"><div id=\"imCellStyleGraphics_3\"></div><div id=\"imCellStyle_3\"><div id=\"imTextObject_3\" style=\"text-align: left;\"><p style=\"text-align: left;\"><span class=\"fs20\"><span class=\"ff1 cf4\"><b>Servidores IBM System x</b></span></span><b><span class=\"cf3 fs20 ff1\"><br /><br /></span></b></p><p style=\"text-align: justify;\"><span class=\"ff2 cf5 fs18\">ayuda a recuperar el control y a reducir la complejidad simplificando la administraci&#243;n de los sistemas para entornos de computaci&#243;n est&#225;ndares de la mercado. Adem&#225;s provee dispositivos tecnol&#243;gicos innovadores y una extrema potencia de procesamiento.<br /><br /></span></p><p style=\"text-align: left;\"><span class=\"fs20 ff1 cf4\"><b>Caracter&#237;sticas Principales de la xSeries:</b></span><span class=\"fs30 cf6 ff3\"><br /></span><span class=\"fs18 cf1 ff1\">-<wbr> Reduce los costes operativos con mayor rendimiento.<br />-<wbr> Reduce el consumo energ&#233;tica.<br />-<wbr> Aumente el aprovechamiento del Hardware.<br />-<wbr> Reduzca el n&#250;mero de activos f&#237;sicos por gestionar.<br />-<wbr> Capacidad de servicio (RAS) de primer nivel.<br />-<wbr> Plataforma para todos los entornos est&#225;ndar del mercado.<br />-<wbr> Server, RedHat Enterprise Linux(RHEL), SUSE Linux Enterprise.<br /><br /></span><span class=\"ff4 fs18 cf1\"><br /></span></p></div></div></div>\r\n    </div>\r\n    <div style=\"float: left; width: 328px;\">\r\n        <div id=\"imCell_6\" class=\"imGrid[2, 2]\"><div id=\"imCellStyleGraphics_6\"></div><div id=\"imCellStyle_6\"><img id=\"imObjectImage_6\" src=\"images/untitled_cgv68c6u.png\" title=\"\" alt=\"\" height=\"240\" width=\"210\" /></div></div>\r\n    </div>\r\n\r\n</div>\r\n<div style=\"width: 984px; float: left;\">\r\n    <div style=\"float: left; width: 656px;\">\r\n        <div id=\"imCell_4\" class=\"imGrid[3, 3]\"><div id=\"imCellStyleGraphics_4\"></div><div id=\"imCellStyle_4\"><div id=\"imTextObject_4\" style=\"text-align: left;\"><p style=\"text-align: justify;\"><span class=\"ff1 cf3 fs18\"><b>DELTA Electronic Inc</b></span><span class=\"cf1 ff1 fs18\">. <br /><br />Es la empresa Nro. 1 en el mundo en fuentes de alimentaci&#243;n OEM/ODM, Componentes IT, Telecomunicaciones, electr&#243;nica de cosumo y automoci&#243;n, soluciones de pantalla de proyecci&#243;n para uso profesional y de los consumidores, dispositivos de sistema automatico, Networking y productos Wirelees.<br /></span></p><p style=\"text-align: left;\"><span class=\"ff1 cf0 fs18\"><br /></span></p><p style=\"text-align: right;\"><span class=\"fs20 ff1 cf0\"><b>Gesti&#243;n de energ&#237;a y soluciones de energ&#237;a renovable.<br /><br /></b></span></p><p style=\"text-align: left;\"><span class=\"fs20 ff1 cf3\"><b>Caracter&#237;sticas </b></span><b><span class=\"cf0 fs20 ff1\"><br /><br /></span></b><span class=\"fs18 cf0 ff1\">-<wbr> Innovaci&#243;n constante.<br />-<wbr> Satisfacci&#243;n del cliente.<br />-<wbr> Mayor Calidad.<br />-<wbr> Mayor Potencia.<br />-<wbr> Mejor Rendimiento.<br />-<wbr> Alta tecnolog&#237;a.<br />-<wbr> M&#225;xima Protecci&#243;n.</span><span class=\"ff2 fs18 cf0\"><br /></span></p></div></div></div>\r\n    </div>\r\n    <div style=\"float: left; width: 328px;\">\r\n        <div id=\"imCell_7\" class=\"imGrid[3, 3]\"><div id=\"imCellStyleGraphics_7\"></div><div id=\"imCellStyle_7\"><div id=\"imObjectImage_7\"><div id=\"imObjectImageContent_7\"></div></div><script type=\"text/javascript\">var flashvars = {containerId: \"imObjectImage_7\", key: \"211206165160216183098177191163166162153192177133098146170158218168156218154\", cWidth: \"316\", cHeight: \"271\", copyright: \"© Copyright 2011 por ITERA S.A.C Todos los derechos reservados.\", watermark: \"false\", cpindex: \"158607\"}; var params = {quality: \"high\", bgcolor: \"#ffffff\", play: \"true\", loop: \"true\", wmode: \"transparent\", scale: \"noscale\", menu: \"true\", devicefont: \"false\", salign: \"lt\", allowscriptaccess: \"sameDomain\", allowFullScreen: \"true\"}; var attributes = {id: \"imObjectImageContent_7\", name: \"imObjectImageContent_7\", align: \"middle\"}; swfobject.embedSWF(\"res/imImage.swf\", \"imObjectImageContent_7\", \"316\", \"271\", \"10.0.0\", \"res/expressInstall.swf\", flashvars, params, attributes);</script></div></div>\r\n    </div>\r\n\r\n</div>\r\n');

/*Data for the table `banner` */

insert  into `banner`(`IdBanner`,`NombreBanner`,`DescripcionBanner`,`ImagenBanner`,`UrlBanner`,`OrdenBanner`,`EstadoBanner`) values (6,'uno','endpoint','essetendpoint.png',NULL,1,1),(7,'dos','helppeople','helpeople.png',NULL,NULL,NULL),(8,'tres','web monitor','webmonitor.png',NULL,NULL,NULL);

/*Data for the table `categoriaproducto` */

insert  into `categoriaproducto`(`idCategoriaProducto`,`NombreCategoriaProducto`,`flagActivoCategoriaProducto`,`IdArea`,`SlugCategoriaProducto`) values (1,'Servidores',1,1,'servidores'),(2,'Storage',1,1,'storage'),(3,'Desktop',1,1,'desktop'),(4,'Portatiles',1,1,'portatiles'),(5,'Comunicaciones',1,1,'comunicaciones'),(6,'Software',1,1,'software'),(7,'Impresoras',1,1,'impresoras');

/*Data for the table `categoriasoluciones` */

insert  into `categoriasoluciones`(`IdCategoriaSoluciones`,`NombreCategoriaSoluciones`,`DescripcionCategoriaSoluciones`,`SlugCategoriaSolucion`) values (1,'categoria solucion1',NULL,'categoria-solucion-uno'),(2,'categoria solucion2',NULL,'categoria-solucion-dos'),(3,'categoria solucion3',NULL,'categoria-solucion-tres');

/*Data for the table `contacto` */

insert  into `contacto`(`IdContacto`,`NombresContacto`,`TelefonoContacto`,`Email`,`FechaRegistro`,`Ip`) values (1,'nazart jara huaman','98098080','na.zar.tj@gmail.com','2012-07-15 09:12:15','127.0.0.1');

/*Data for the table `core_session` */

insert  into `core_session`(`Id`,`save_path`,`name`,`Modified`,`LifeTime`,`Data`) values ('dfua18a3gee3itaoflmab0sq87','','',1344305556,1440,''),('nk1pkil63b01dns3kuhdq3q2m7','','',1344263768,1440,''),('tc8coh1mtcsdau1n4rjmj1abh1','','',1344303552,1440,'');

/*Data for the table `detalleslug` */

insert  into `detalleslug`(`IdDetalleSlug`,`IdProducto`,`IdSlug`) values (411,2,44),(412,2,46),(413,1,45),(414,1,57);

/*Data for the table `marca` */

insert  into `marca`(`IdMarca`,`NombreMarca`,`SlugMarca`,`ImagenMarca`) values (1,'HP','hp',NULL),(2,'IBM','ibm',NULL),(6,'LG','lg','lg.jpg'),(7,'SAMSUNG','samsung','sansumg.jpg'),(8,'Toshiba','toshiba','toshiba.jpg'),(9,'AOC','aoc','aoc.jpg');

/*Data for the table `paginainterna` */

insert  into `paginainterna`(`IdPaginaInterna`,`NombrePaginaInterna`,`ContenidoPaginaInterna`,`UrlPaginaInterna`) values (1,'Nosotros','\r\nINCLUYE\r\n\r\n    Home Theater HT-E320/PE 150W\r\n\r\nCARACTERÍSTICAS DEL PRODUCTO\r\n\r\n    2.1 canales\r\n    Capacidad para 1 disco\r\n    Potencia total de 150 Watts\r\n    Ecualizador\r\n    Grabación USB\r\n    Discos Reproducibles: CD DA / CD-R / CD-RW / DVD-Video / DVD±R / DVD±RW / VCD\r\n    Salida de componente\r\n    Entrada HDMI\r\n    Entrada de audio\r\n\r\nINFORMACIÓN ADICIONAL\r\n\r\n    Garantía del producto: 1 año\r\n\r\n','/nosotros');

/*Data for the table `producto` */

insert  into `producto`(`IdProducto`,`NombreProducto`,`IdArea`,`IdCategoriaProducto`,`IdSubCategoriaProducto`,`PrecioProducto`,`DescricionCortaProducto`,`SlugProducto`,`IdMarca`) values (31,'ProLiant MicroServer N40L',1,1,2,NULL,'HP ProLiant MicroServer N40L, 1P, 2 GB-U, Emb, SAT',NULL,1),(32,'ProLiant ML330 G6',1,1,2,NULL,'Servidor HP ProLiant ML330 G6 E5603 1P, 2GB-U B110',NULL,1),(33,'ProLiant ML350e Gen8',1,1,2,NULL,'Servidor básico HP ProLiant ML350e Gen 8 E5-2407 1',NULL,1),(34,'ProLiant ML350p Gen8',1,1,2,NULL,'HP ProLiant ML350p Gen8 E5-2620 1P 4GB-R 460W PS S',NULL,1),(35,'ProLiant ML350 G6',1,1,2,NULL,'Servidor / TV SAS HP ProLiant ML350 G6 E5606 1P 4',NULL,1),(37,'System x3300 M4',1,1,2,NULL,'El sistema IBM System x3300 M4 ofrece un equilibri',NULL,2),(38,'System x3500 M4',1,1,2,NULL,'Este servidor de torre de dos procesadores y de al',NULL,2),(39,'ProLiant serie ML150 G6',1,1,2,NULL,'Servidor HP ProLiant ML150 G6 E5502 1P, 1GB-U, 2x2',NULL,1),(40,'System x3100 M4',1,1,2,NULL,'El x3100 M4 es una torre con una excelente relació',NULL,2),(41,'System x3200 M3',1,1,2,NULL,'IBM System x3200 M3 ofrece mejores dispositivos y',NULL,2),(42,'System x3400 M3',1,1,2,NULL,'El x3400 M3 ofrece flexibilidad, fiabilidad y segu',NULL,2),(43,'System x3500 M3',1,1,2,NULL,'El sistema x3500 M3 proporciona una excelente esca',NULL,2),(44,'System x3650 M4',1,1,1,NULL,NULL,NULL,2);

/*Data for the table `slug` */

insert  into `slug`(`IdSlug`,`NombreSlug`) values (44,'azucar'),(45,'caramelo'),(46,'azucarado'),(47,'acaramelado');

/*Data for the table `soluciones` */

insert  into `soluciones`(`IdSoluciones`,`NombreSoluciones`,`DescripcionSoluciones`,`IdCategoriaSoluciones`,`SlugSoluciones`) values (1,'Backup y Data Management','<br>Descripcion',1,'solucion-uno'),(2,'Infraestructura IT','Descripcion',1,'solucion-dos'),(3,'Seguridad Web y Correo','Descripcion',2,'solucion-tres'),(4,'Seguridad Amenazas y Endpoint','Descripcion',2,'solucion-cuatro'),(5,'Service Management & Helpdesk','Descripcion',NULL,NULL);

/*Data for the table `subcategoriaproducto` */

insert  into `subcategoriaproducto`(`idSubCategoriaProducto`,`NombreSubCategoriaProducto`,`flagActivoSubCategoriaProducto`,`IdCategoriaProducto`,`SlugSubCategoriaProducto`) values (1,'Rackeables',1,1,'rackeables'),(2,'Torre',1,1,'torres'),(3,'subcategoria tres',1,2,'subcategoria-tres'),(4,'subcategoria cuatro',1,2,'subcategoria-cuatro');

/*Data for the table `usuarioareacorreocontactenos` */

insert  into `usuarioareacorreocontactenos`(`IdUsuario`,`IdArea`) values (1,1),(2,1);

/*Data for the table `usuariosistema` */

insert  into `usuariosistema`(`IdUsuario`,`NombreUsuario`,`LoginUsuario`,`PasswordUsuario`,`Correo`) values (1,'Nazart','nazartj@gmail.com','123456','nazartj@gmail.com'),(2,'Nazart','nazarjb@hotmail.com','123456','nazarjb@hotmail.com');

/*!40101 SET SQL_MODE=@OLD_SQL_MODE */;
/*!40014 SET FOREIGN_KEY_CHECKS=@OLD_FOREIGN_KEY_CHECKS */;
/*!40014 SET UNIQUE_CHECKS=@OLD_UNIQUE_CHECKS */;
/*!40111 SET SQL_NOTES=@OLD_SQL_NOTES */;
